<?xml version="1.0" encoding="UTF-8"?>
<project-private xmlns="http://www.netbeans.org/ns/project-private/1">
    <editor-bookmarks xmlns="http://www.netbeans.org/ns/editor-bookmarks/2" lastBookmarkId="0"/>
    <open-files xmlns="http://www.netbeans.org/ns/projectui-open-files/2">
        <group>
            <file>file:/C:/Users/03564547037/Desktop/ProjetoJavaCelso/ProjetoLoginBacana-main/src/Controller/CadastroClientesController.java</file>
            <file>file:/C:/Users/03564547037/Desktop/ProjetoJavaCelso/ProjetoLoginBacana-main/src/Model/CadastroClienteModel.java</file>
            <file>file:/C:/Users/03564547037/Desktop/ProjetoJavaCelso/ProjetoLoginBacana-main/src/DAL/GerenciadorBancoDadosCliente.java</file>
            <file>file:/C:/Users/03564547037/Desktop/ProjetoJavaCelso/ProjetoLoginBacana-main/src/View/TelaCadastroNovoCliente.java</file>
        </group>
    </open-files>
</project-private>
